{
	"width" : 480,
	"height" : 640,
	"intrinsic_matrix" : [436.19906616210938,0,0,0,436.19906616210938,0,238.7977294921875,320.31094360351562,1]
}